{
  "modelVersion": 4,
  "ageRangeForPopulationAvg": {
    "min": 35,
    "max": 70
  },
  "populationAverageArrays": {
    "Average_CHD_Male": [
      0.032414709,
      0.03469558,
      0.037136945,
      0.039750097,
      0.042547125,
      0.045540967,
      0.048745471,
      0.052175461,
      0.055846803,
      0.059776481,
      0.063982671,
      0.068484832,
      0.073303788,
      0.078461832,
      0.083982823,
      0.0898923,
      0.0962176,
      0.102987981,
      0.110234762,
      0.117991465,
      0.12629397,
      0.135180685,
      0.144692715,
      0.154874063,
      0.165771824,
      0.17743641,
      0.189921777,
      0.203285682,
      0.217589941,
      0.232900725,
      0.249288856,
      0.266830143,
      0.285605729,
      0.305702464,
      0.327213312,
      0.350237778
    ],
    "Average_CHD_Female": [
      0.013706,
      0.015066,
      0.016561,
      0.018204,
      0.02001,
      0.021996,
      0.024178,
      0.026577,
      0.029214,
      0.032113,
      0.035299,
      0.038801,
      0.042651,
      0.046883,
      0.051535,
      0.056648,
      0.062268,
      0.068447,
      0.075238,
      0.082703,
      0.090908,
      0.099928,
      0.109843,
      0.120742,
      0.132721,
      0.14589,
      0.160365,
      0.176276,
      0.193766,
      0.212992,
      0.234124,
      0.257354,
      0.282888,
      0.310956,
      0.341809,
      0.375723
    ],
    "Average_Stroke_Male": [
      0.02885705,
      0.029835003,
      0.029984273,
      0.040581267,
      0.04519253,
      0.043461385,
      0.048615889,
      0.055374013,
      0.054826752,
      0.053960023,
      0.066614421,
      0.094474312,
      0.095754241,
      0.097368645,
      0.104013981,
      0.122688861,
      0.10453427,
      0.184988022,
      0.129622009,
      0.145105179,
      0.157277294,
      0.187237854,
      0.206350954,
      0.233509465,
      0.227956799,
      0.24912245,
      0.290307424,
      0.29627266,
      0.306381029,
      0.325949608,
      0.332209873,
      0.341611443,
      0.404087621,
      0.402951556,
      0.425671768,
      0.400515458
    ],
    "Average_Stroke_Female": [
      0.030301242,
      0.031464184,
      0.034319388,
      0.036392254,
      0.039073958,
      0.0457506,
      0.043034691,
      0.048566812,
      0.049860561,
      0.062705877,
      0.058205671,
      0.083659885,
      0.073223486,
      0.082391149,
      0.086793504,
      0.084202464,
      0.098360563,
      0.105858795,
      0.112775709,
      0.144376852,
      0.134161398,
      0.125647448,
      0.136203222,
      0.163470808,
      0.163312619,
      0.161031566,
      0.17445781,
      0.207229208,
      0.183867979,
      0.247413522,
      0.289439604,
      0.254411534,
      0.257975431,
      0.297882065,
      0.24855065,
      0.279077028
    ],
    "Average_MACE_Male": [
      0.057789663,
      0.05917784,
      0.055843537,
      0.070058463,
      0.077137432,
      0.083643052,
      0.090887511,
      0.097033041,
      0.094405078,
      0.092262065,
      0.113872039,
      0.143195625,
      0.144455639,
      0.149567353,
      0.166272105,
      0.164520448,
      0.162684787,
      0.247702874,
      0.178671997,
      0.198642584,
      0.235334026,
      0.270926092,
      0.268259871,
      0.306654164,
      0.284116107,
      0.313436233,
      0.342901898,
      0.347162727,
      0.369007941,
      0.428980446,
      0.418161668,
      0.38242155,
      0.447444018,
      0.456462711,
      0.477612284,
      0.530096061
    ],
    "Average_MACE_Female": [
      0.03164,
      0.0341,
      0.036753,
      0.039611,
      0.042692,
      0.046012,
      0.049591,
      0.053448,
      0.057605,
      0.062085,
      0.066914,
      0.072118,
      0.077728,
      0.083773,
      0.090288,
      0.097311,
      0.104879,
      0.113036,
      0.121828,
      0.131303,
      0.141515,
      0.152522,
      0.164385,
      0.17717,
      0.19095,
      0.205801,
      0.221807,
      0.239059,
      0.257652,
      0.277691,
      0.299289,
      0.322566,
      0.347654,
      0.374694,
      0.403836,
      0.435245
    ],
    "Average_Diabetes_Male": [
      0.091714532,
      0.10775695,
      0.126219044,
      0.13115791,
      0.142120018,
      0.11503602,
      0.142358039,
      0.139552018,
      0.142326923,
      0.139267868,
      0.144906421,
      0.228594516,
      0.214719116,
      0.165193356,
      0.233180405,
      0.202205232,
      0.198203343,
      0.216545926,
      0.217072081,
      0.200849718,
      0.233001016,
      0.236306579,
      0.250686455,
      0.260012117,
      0.253289382,
      0.276578929,
      0.237374785,
      0.318859869,
      0.295542169,
      0.312811672,
      0.257145059,
      0.316951542,
      0.344420307,
      0.315516367,
      0.314303068,
      0.299373393
    ],
    "Average_Diabetes_Female": [
      0.130675008,
      0.113593658,
      0.140700651,
      0.1518998,
      0.161700002,
      0.130662887,
      0.164255079,
      0.204971825,
      0.168268025,
      0.203108716,
      0.211498829,
      0.225361139,
      0.244045302,
      0.215641998,
      0.220512862,
      0.253811331,
      0.304495821,
      0.276949921,
      0.256185068,
      0.290561138,
      0.221581612,
      0.269317226,
      0.401285883,
      0.323079105,
      0.287356092,
      0.34573861,
      0.334937005,
      0.381239813,
      0.322335039,
      0.331289682,
      0.44178711,
      0.343590163,
      0.485508722,
      0.475195324,
      0.33675021,
      0.465850835
    ],
    "Average_Hypertension_Male": [
      0.138485026,
      0.16203019,
      0.169098165,
      0.188380004,
      0.176216933,
      0.2024799,
      0.222364374,
      0.19936294,
      0.239240132,
      0.243429532,
      0.267616069,
      0.319401709,
      0.299836082,
      0.322293075,
      0.354764411,
      0.33710633,
      0.364874562,
      0.417014986,
      0.407374724,
      0.385733523,
      0.408729263,
      0.509158343,
      0.475445908,
      0.512269094,
      0.486409271,
      0.558602774,
      0.550481238,
      0.634995828,
      0.608707179,
      0.622652352,
      0.602835154,
      0.660953758,
      0.706747863,
      0.678501055,
      0.641195325,
      0.753516677
    ],
    "Average_Hypertension_Female": [
      0.181652787,
      0.211069389,
      0.219330023,
      0.251950356,
      0.267528929,
      0.261848235,
      0.303458661,
      0.312231982,
      0.277931915,
      0.287048794,
      0.333966776,
      0.367455229,
      0.396521502,
      0.429673231,
      0.429084615,
      0.480270556,
      0.538085908,
      0.47477557,
      0.494490439,
      0.609492887,
      0.476566929,
      0.510214375,
      0.575335511,
      0.556447572,
      0.593647618,
      0.565713324,
      0.631740215,
      0.687248002,
      0.647471241,
      0.633770462,
      0.731090213,
      0.743310558,
      0.746345272,
      0.728133475,
      0.747060951,
      0.778950912
    ]
  }
}